,Pick,Player,College,Year
0,1,Larry Johnson,UNLV,1991
1,2,Kenny Anderson,Georgia Tech,1991
2,3,Billy Owens,Syracuse,1991
3,4,Dikembe Mutombo,Georgetown,1991
4,5,Steve Smith,Michigan State,1991
5,6,Doug Smith,Missouri,1991
6,7,Luc Longley,New Mexico,1991
7,8,Mark Macon,Temple,1991
8,9,Stacey Augmon,UNLV,1991
9,10,Bison Dele,Arizona,1991
10,11,Terrell Brandon,Oregon,1991
11,12,Greg Anthony,UNLV,1991
12,13,Dale Davis,Clemson,1991
13,14,Rich King,Nebraska,1991
14,15,Anthony Avent,Seton Hall,1991
15,16,Chris Gatling,Old Dominion,1991
16,17,Victor Alexander,Iowa State,1991
17,18,Kevin Brooks,LA-Lafayette,1991
18,19,LaBradford Smith,Louisville,1991
19,20,John Turner,Phillips University,1991
20,21,Eric Murdock,Providence,1991
21,22,LeRon Ellis,Syracuse,1991
22,23,Stanley Roberts,LSU,1991
23,24,Rick Fox,UNC,1991
24,25,Shaun Vandiver,Colorado,1991
25,26,Mark Randall,Kansas,1991
26,27,Pete Chilcutt,UNC,1991
27,28,Kevin Lynch,Minnesota,1991
28,29,George Ackles,UNLV,1991
29,30,Rodney Monroe,NC State,1991
30,31,Randy Brown,New Mexico State,1991
31,32,Chad Gallagher,Creighton,1991
32,33,Donald Hodge,Temple,1991
33,34,Myron Brown,Slippery Rock University of Pennsylvania,1991
34,35,Mike Iuzzolino,Saint Francis University,1991
35,36,Chris Corchiani,NC State,1991
36,37,Elliot Perry,Memphis,1991
37,38,Joe Wylie,Miami (FL),1991
38,39,Jimmy Oliver,Purdue,1991
39,40,Doug Overton,La Salle,1991
40,41,Sean Green,Iona College,1991
41,42,Steve Hood,James Madison University,1991
42,43,Lamont Strothers,Christopher Newport University,1991
43,44,Alvaro Teheran,Houston,1991
44,45,Bobby Phills,Southern University and A&M College,1991
45,46,Richard Dumas,Oklahoma State,1991
46,47,Keith Hughes,Rutgers University,1991
47,48,Isaac Austin,Arizona State,1991
48,49,Greg Sutton,Oral Roberts,1991
49,50,Joey Wright,Texas,1991
50,51,Žan Tabak,,1991
51,52,Anthony Jones,Oral Roberts,1991
52,53,Von McDade,UW-Milwaukee,1991
53,54,Marcus Kennedy,Eastern Michigan,1991
0,1,Shaquille O'Neal,LSU,1992
1,2,Alonzo Mourning,Georgetown,1992
2,3,Christian Laettner,Duke,1992
3,4,Jim Jackson,Ohio State,1992
4,5,LaPhonso Ellis,Notre Dame,1992
5,6,Tom Gugliotta,NC State,1992
6,7,Walt Williams,Maryland,1992
7,8,Todd Day,Arkansas,1992
8,9,Clarence Weatherspoon,University of Southern Mississippi,1992
9,10,Adam Keefe,Stanford,1992
10,11,Robert Horry,Alabama,1992
11,12,Harold Miner,USC,1992
12,13,Bryant Stith,Virginia,1992
13,14,Malik Sealy,St. John's,1992
14,15,Anthony Peeler,Missouri,1992
15,16,Randy Woods,La Salle,1992
16,17,Doug Christie,Pepperdine,1992
17,18,Tracy Murray,UCLA,1992
18,19,Don MacLean,UCLA,1992
19,20,Hubert Davis,UNC,1992
20,21,Jon Barry,Georgia Tech,1992
21,22,Oliver Miller,Arkansas,1992
22,23,Lee Mayberry,Arkansas,1992
23,24,Latrell Sprewell,Alabama,1992
24,25,Elmore Spencer,UNLV,1992
25,26,Dave Johnson,Syracuse,1992
26,27,Byron Houston,Oklahoma State,1992
27,28,Marlon Maxey,Texas-El Paso,1992
28,29,P.J. Brown,Louisiana Tech,1992
29,30,Sean Rooks,Arizona,1992
30,31,Reggie Smith,TCU,1992
31,32,Brent Price,Oklahoma,1992
32,33,Corey Williams,Oklahoma State,1992
33,34,Chris Smith,UConn,1992
34,35,Tony Bennett,Green Bay,1992
35,36,Duane Cooper,USC,1992
36,37,Isaiah Morris,Arkansas,1992
37,38,Elmer Bennett,Notre Dame,1992
38,39,Litterial Green,Georgia,1992
39,40,Steve Rogers,Alabama State University,1992
40,41,Popeye Jones,Murray State,1992
41,42,Matt Geiger,Georgia Tech,1992
42,43,Sasha Danilović,,1992
43,44,Henry Williams,UNC Charlotte,1992
44,45,Chris King,Wake Forest,1992
45,46,Robert Werdann,St. John's,1992
46,47,Darren Morningstar,Pitt,1992
47,48,Brian Davis,Duke,1992
48,49,Ron Ellis,Louisiana Tech,1992
49,50,Matt Fish,UNC Wilmington,1992
50,51,Tim Burroughs,Jacksonville University,1992
51,52,Matt Steigenga,Michigan State,1992
52,53,Curtis Blair,Richmond,1992
53,54,Brett Roberts,Morehead State University,1992
0,1,Chris Webber,Michigan,1993
1,2,Shawn Bradley,BYU,1993
2,3,Anfernee Hardaway,Memphis,1993
3,4,Jamal Mashburn,Kentucky,1993
4,5,Isaiah Rider,UNLV,1993
5,6,Calbert Cheaney,Indiana,1993
6,7,Bobby Hurley,Duke,1993
7,8,Vin Baker,University of Hartford,1993
8,9,Rodney Rogers,Wake Forest,1993
9,10,Lindsey Hunter,Jackson State University,1993
10,11,Allan Houston,Tennessee,1993
11,12,George Lynch,UNC,1993
12,13,Terry Dehere,Seton Hall,1993
13,14,Scott Haskin,Oregon State,1993
14,15,Doug Edwards,Florida State,1993
15,16,Rex Walters,Kansas,1993
16,17,Greg Graham,Indiana,1993
17,18,Luther Wright,Seton Hall,1993
18,19,Acie Earl,Iowa,1993
19,20,Scott Burrell,UConn,1993
20,21,James Robinson,Alabama,1993
21,22,Chris Mills,Arizona,1993
22,23,Ervin Johnson,New Orleans,1993
23,24,Sam Cassell,Florida State,1993
24,25,Corie Blount,Cincinnati,1993
25,26,Geert Hammink,LSU,1993
26,27,Malcolm Mackey,Georgia Tech,1993
27,28,Lucious Harris,Cal State Long Beach,1993
28,29,Sherron Mills,Virginia Commonwealth,1993
29,30,Gheorghe Mureșan,,1993
30,31,Evers Burns,Maryland,1993
31,32,Alphonso Ford,Mississippi Valley State University,1993
32,33,Eric Riley,Michigan,1993
33,34,Darnell Mee,Western Kentucky,1993
34,35,Ed Stokes,Arizona,1993
35,36,John Best,Tennessee Technological University,1993
36,37,Nick Van Exel,Cincinnati,1993
37,38,Conrad McRae,Syracuse,1993
38,39,Thomas Hill,Duke,1993
39,40,Rich Manning,Washington,1993
40,41,Anthony Reed,Tulane,1993
41,42,Adonis Jordan,Kansas,1993
42,43,Josh Grant,Utah,1993
43,44,Alex Holcombe,Baylor,1993
44,45,Bryon Russell,Cal State Long Beach,1993
45,46,Richard Petruška,UCLA,1993
46,47,Chris Whitney,Clemson,1993
47,48,Kevin Thompson,NC State,1993
48,49,Mark Buford,Mississippi Valley State University,1993
49,50,Marcelo Nicola,,1993
50,51,Spencer Dunkley,University of Delaware,1993
51,52,Mike Peplowski,Michigan State,1993
52,53,Leonard White,Southern University and A&M College,1993
53,54,Byron Wilson,Utah,1993
0,1,Glenn Robinson,Purdue,1994
1,2,Jason Kidd,California,1994
2,3,Grant Hill,Duke,1994
3,4,Donyell Marshall,UConn,1994
4,5,Juwan Howard,Michigan,1994
5,6,Sharone Wright,Clemson,1994
6,7,Lamond Murray,California,1994
7,8,Brian Grant,Xavier,1994
8,9,Eric Montross,UNC,1994
9,10,Eddie Jones,Temple,1994
10,11,Carlos Rogers,Tennessee State,1994
11,12,Khalid Reeves,Arizona,1994
12,13,Jalen Rose,Michigan,1994
13,14,Yinka Dare,George Washington,1994
14,15,Eric Piatkowski,Nebraska,1994
15,16,Clifford Rozier,Louisville,1994
16,17,Aaron McKie,Temple,1994
17,18,Eric Mobley,Pitt,1994
18,19,Tony Dumas,Missouri-Kansas City,1994
19,20,B.J. Tyler,Texas,1994
20,21,Dickey Simpkins,Providence,1994
21,22,Bill Curley,Boston College,1994
22,23,Wesley Person,Auburn,1994
23,24,Monty Williams,Notre Dame,1994
24,25,Greg Minor,Louisville,1994
25,26,Charlie Ward,Florida State,1994
26,27,Brooks Thompson,Oklahoma State,1994
27,28,Deon Thomas,Illinois,1994
28,29,Antonio Lang,Duke,1994
29,30,Howard Eisley,Boston College,1994
30,31,Rodney Dent,Kentucky,1994
31,32,Jim McIlvaine,Marquette,1994
32,33,Derrick Alston,Duquesne,1994
33,34,Gaylon Nickerson,Northwestern Oklahoma State University,1994
34,35,Michael Smith,Providence,1994
35,36,Andrei Fetisov,,1994
36,37,Dontonio Wingfield,Cincinnati,1994
37,38,Darrin Hancock,Kansas,1994
38,39,Anthony Miller,Michigan State,1994
39,40,Jeff Webster,Oklahoma,1994
40,41,William Njoku,,1994
41,42,Gary Collier,Tulsa,1994
42,43,Shawnelle Scott,St. John's,1994
43,44,Damon Bailey,Indiana,1994
44,45,Dwayne Morton,Louisville,1994
45,46,Voshon Lenard,Minnesota,1994
46,47,Jamie Watson,South Carolina,1994
47,48,Jevon Crudup,Missouri,1994
48,49,Kris Bruton,Benedict College,1994
49,50,Charles Claxton,Georgia,1994
50,51,Lawrence Funderburke,Ohio State,1994
51,52,Anthony Goldwire,Houston,1994
52,53,Albert Burditt,Texas,1994
53,54,Željko Rebrača,,1994
0,1,Joe Smith,Maryland,1995
1,2,Antonio McDyess,Alabama,1995
2,3,Jerry Stackhouse,UNC,1995
3,4,Rasheed Wallace,UNC,1995
4,5,Kevin Garnett,,1995
5,6,Bryant Reeves,Oklahoma State,1995
6,7,Damon Stoudamire,Arizona,1995
7,8,Shawn Respert,Michigan State,1995
8,9,Ed O'Bannon,UCLA,1995
9,10,Kurt Thomas,TCU,1995
10,11,Gary Trent,Ohio University,1995
11,12,Cherokee Parks,Duke,1995
12,13,Corliss Williamson,Arkansas,1995
13,14,Eric Williams,Providence,1995
14,15,Brent Barry,Oregon State,1995
15,16,Alan Henderson,Indiana,1995
16,17,Bob Sura,Florida State,1995
17,18,Theo Ratliff,Wyoming,1995
18,19,Randolph Childress,Wake Forest,1995
19,20,Jason Caffey,Alabama,1995
20,21,Michael Finley,Wisconsin,1995
21,22,George Zídek,UCLA,1995
22,23,Travis Best,Georgia Tech,1995
23,24,Loren Meyer,Iowa State,1995
24,25,David Vaughn,Memphis,1995
25,26,Sherell Ford,University of Illinois at Chicago,1995
26,27,Mario Bennett,Arizona State,1995
27,28,Greg Ostertag,Kansas,1995
28,29,Cory Alexander,Virginia,1995
29,30,Lou Roe,UMass,1995
30,31,Dragan Tarlać,,1995
31,32,Terrence Rencher,Texas,1995
32,33,Junior Burrough,Virginia,1995
33,34,Andrew DeClercq,Florida,1995
34,35,Jimmy King,Michigan,1995
35,36,Lawrence Moten,Syracuse,1995
36,37,Frankie King,Western Carolina University,1995
37,38,Rashard Griffith,Wisconsin,1995
38,39,Donny Marshall,UConn,1995
39,40,Dwayne Whitfield,Jackson State University,1995
40,41,Erik Meek,Duke,1995
41,42,Donnie Boyce,Colorado,1995
42,43,Eric Snow,Michigan State,1995
43,44,Anthony Pelle,Fresno State,1995
44,45,Troy Brown,Providence,1995
45,46,George Banks,Texas-El Paso,1995
46,47,Tyus Edney,UCLA,1995
47,48,Mark Davis,Texas Tech,1995
48,49,Jerome Allen,Penn,1995
49,50,Martin Lewis,Seward County Community College,1995
50,51,Dejan Bodiroga,,1995
51,52,Fred Hoiberg,Iowa State,1995
52,53,Constantin Popa,Miami (FL),1995
53,54,Aurelijius Zukauskas,,1995
54,55,Michael McDonald,New Orleans,1995
55,56,Chris Carr,Southern Illinois,1995
56,57,Cuonzo Martin,Purdue,1995
57,58,Don Reid,Georgetown,1995
0,1,Allen Iverson,Georgetown,1996
1,2,Marcus Camby,UMass,1996
2,3,Shareef Abdur-Rahim,California,1996
3,4,Stephon Marbury,Georgia Tech,1996
4,5,Ray Allen,UConn,1996
5,6,Antoine Walker,Kentucky,1996
6,7,Lorenzen Wright,Memphis,1996
7,8,Kerry Kittles,Villanova,1996
8,9,Samaki Walker,Louisville,1996
9,10,Erick Dampier,Mississippi State,1996
10,11,Todd Fuller,NC State,1996
11,12,Vitaly Potapenko,Wright State University,1996
12,13,Kobe Bryant,,1996
13,14,Peja Stojaković,,1996
14,15,Steve Nash,Santa Clara,1996
15,16,Tony Delk,Kentucky,1996
16,17,Jermaine O'Neal,,1996
17,18,John Wallace,Syracuse,1996
18,19,Walter McCarty,Kentucky,1996
19,20,Zydrunas Ilgauskas,,1996
20,21,Dontae' Jones,Mississippi State,1996
21,22,Roy Rogers,Alabama,1996
22,23,Efthimi Rentzias,,1996
23,24,Derek Fisher,Little Rock,1996
24,25,Martin Müürsepp,,1996
25,26,Jerome Williams,Georgetown,1996
26,27,Brian Evans,Indiana,1996
27,28,Priest Lauderdale,Central State University,1996
28,29,Travis Knight,UConn,1996
29,30,Othella Harrington,Georgetown,1996
30,31,Mark Hendrickson,Washington State,1996
31,32,Ryan Minor,Oklahoma,1996
32,33,Moochie Norris,University of West Florida,1996
33,34,Shawn Harvey,West Virginia State University,1996
34,35,Joseph Blair,Arizona,1996
35,36,Doron Sheffer,UConn,1996
36,37,Jeff McInnis,UNC,1996
37,38,Steve Hamer,Tennessee,1996
38,39,Russ Millard,Iowa,1996
39,40,Marcus Mann,Mississippi Valley State University,1996
40,41,Jason Sasser,Texas Tech,1996
41,42,Randy Livingston,LSU,1996
42,43,Ben Davis,Arizona,1996
43,44,Malik Rose,Drexel,1996
44,45,Joe Vogel,Colorado State,1996
45,46,Marcus Brown,Murray State,1996
46,47,Ron Riley,Arizona State,1996
47,48,Jamie Feick,Michigan State,1996
48,49,Amal McCaskill,Marquette,1996
49,50,Terrell Bell,Georgia,1996
50,51,Chris Robinson,Western Kentucky,1996
51,52,Mark Pope,Kentucky,1996
52,53,Jeff Nordgaard,Green Bay,1996
53,54,Shandon Anderson,Georgia,1996
54,55,Ronnie Henderson,LSU,1996
55,56,Reggie Geary,Arizona,1996
56,57,Drew Barry,Georgia Tech,1996
57,58,Darnell Robinson,Arkansas,1996
0,1,Tim Duncan,Wake Forest,1997
1,2,Keith Van Horn,Utah,1997
2,3,Chauncey Billups,Colorado,1997
3,4,Antonio Daniels,Bowling Green,1997
4,5,Tony Battie,Texas Tech,1997
5,6,Ron Mercer,Kentucky,1997
6,7,Tim Thomas,Villanova,1997
7,8,Adonal Foyle,Colgate,1997
8,9,Tracy McGrady,,1997
9,10,Danny Fortson,Cincinnati,1997
10,11,Tariq Abdul-Wahad,San Jose State,1997
11,12,Austin Croshere,Providence,1997
12,13,Derek Anderson,Kentucky,1997
13,14,Maurice Taylor,Michigan,1997
14,15,Kelvin Cato,Iowa State,1997
15,16,Brevin Knight,Stanford,1997
16,17,Johnny Taylor,Chattanooga,1997
17,18,Chris Anstey,,1997
18,19,Scot Pollard,Kansas,1997
19,20,Paul Grant,Wisconsin,1997
20,21,Anthony Parker,Bradley,1997
21,22,Ed Gray,California,1997
22,23,Bobby Jackson,Minnesota,1997
23,24,Rodrick Rhodes,USC,1997
24,25,John Thomas,Minnesota,1997
25,26,Charles Smith,New Mexico,1997
26,27,Jacque Vaughn,Kansas,1997
27,28,Keith Booth,Maryland,1997
28,29,Serge Zwikker,UNC,1997
29,30,Mark Sanford,Washington,1997
30,31,Charles O'Bannon,UCLA,1997
31,32,James Cotton,Cal State Long Beach,1997
32,33,Marko Milič,,1997
33,34,Bubba Wells,Austin Peay State University,1997
34,35,Kebu Stewart,Cal State-Bakersfield,1997
35,36,James Collins,Florida State,1997
36,37,Marc Jackson,Temple,1997
37,38,Jerald Honeycutt,Tulane,1997
38,39,Anthony Johnson,College of Charleston,1997
39,40,Eddie Elisma,Georgia Tech,1997
40,41,Jason Lawson,Villanova,1997
41,42,Stephen Jackson,Butler County Community College,1997
42,43,Gordon Malone,West Virginia,1997
43,44,Cedric Henderson,Memphis,1997
44,45,God Shammgod,Providence,1997
45,46,Eric Washington,Alabama,1997
46,47,Alvin Williams,Villanova,1997
47,48,Predrag Drobnjak,,1997
48,49,Alain Digbeu,,1997
49,50,Chris Crawford,Marquette,1997
50,51,DeJuan Wheat,Louisville,1997
51,52,C.J. Bruton,Indian Hills Community College,1997
52,53,Paul Rogers,Gonzaga,1997
53,54,Mark Blount,Pitt,1997
54,55,Ben Pepper,,1997
55,56,Nate Erdmann,Oklahoma,1997
56,57,Roberto Duenas,,1997
0,1,Michael Olowokandi,University of the Pacific,1998
1,2,Mike Bibby,Arizona,1998
2,3,Raef LaFrentz,Kansas,1998
3,4,Antawn Jamison,UNC,1998
4,5,Vince Carter,UNC,1998
5,6,Robert Traylor,Michigan,1998
6,7,Jason Williams,Florida,1998
7,8,Larry Hughes,Saint Louis,1998
8,9,Dirk Nowitzki,,1998
9,10,Paul Pierce,Kansas,1998
10,11,Bonzi Wells,Ball State University,1998
11,12,Michael Doleac,Utah,1998
12,13,Keon Clark,UNLV,1998
13,14,Michael Dickerson,Arizona,1998
14,15,Matt Harpring,Georgia Tech,1998
15,16,Bryce Drew,Valparaiso,1998
16,17,Rasho Nesterović,,1998
17,18,Mirsad Türkcan,,1998
18,19,Pat Garrity,Notre Dame,1998
19,20,Roshown McLeod,Duke,1998
20,21,Ricky Davis,Iowa,1998
21,22,Brian Skinner,Baylor,1998
22,23,Tyronn Lue,Nebraska,1998
23,24,Felipe López,St. John's,1998
24,25,Al Harrington,,1998
25,26,Sam Jacobson,Minnesota,1998
26,27,Vladimir Stepania,,1998
27,28,Corey Benjamin,Oregon State,1998
28,29,Nazr Mohammed,Kentucky,1998
29,30,Ansu Sesay,Ole Miss,1998
30,31,Ruben Patterson,Cincinnati,1998
31,32,Rashard Lewis,,1998
32,33,Jelani McCoy,UCLA,1998
33,34,Shammond Williams,UNC,1998
34,35,Bruno Šundov,,1998
35,36,Jerome James,Florida A&M,1998
36,37,Casey Shaw,Toledo,1998
37,38,DeMarco Johnson,UNC Charlotte,1998
38,39,Rafer Alston,Fresno State,1998
39,40,Korleone Young,,1998
40,41,Cuttino Mobley,Rhode Island,1998
41,42,Miles Simon,Arizona,1998
42,43,Jahidi White,Georgetown,1998
43,44,Sean Marks,California,1998
44,45,Toby Bailey,UCLA,1998
45,46,Andrae Patterson,Indiana,1998
46,47,Tyson Wheeler,Rhode Island,1998
47,48,Ryan Stack,South Carolina,1998
48,49,Cory Carr,Texas Tech,1998
49,50,Andrew Betts,Cal State Long Beach,1998
50,51,Corey Brewer,Oklahoma,1998
51,52,Derrick Dial,Eastern Michigan,1998
52,53,Greg Buckner,Clemson,1998
53,54,Tremaine Fowlkes,Fresno State,1998
54,55,Ryan Bowen,Iowa,1998
55,56,J.R. Henderson,UCLA,1998
56,57,Torraye Braggs,Xavier,1998
57,58,Maceo Baston,Michigan,1998
0,1,Elton Brand,Duke,1999
1,2,Steve Francis,Maryland,1999
2,3,Baron Davis,UCLA,1999
3,4,Lamar Odom,Rhode Island,1999
4,5,Jonathan Bender,,1999
5,6,Wally Szczerbiak,Miami University,1999
6,7,Richard Hamilton,UConn,1999
7,8,Andre Miller,Utah,1999
8,9,Shawn Marion,UNLV,1999
9,10,Jason Terry,Arizona,1999
10,11,Trajan Langdon,Duke,1999
11,12,Aleksandar Radojević,Barton County Community College,1999
12,13,Corey Maggette,Duke,1999
13,14,William Avery,Duke,1999
14,15,Frederic Weis,,1999
15,16,Metta World Peace,St. John's,1999
16,17,Cal Bowdler,Old Dominion,1999
17,18,James Posey,Xavier,1999
18,19,Quincy Lewis,Minnesota,1999
19,20,Dion Glover,Georgia Tech,1999
20,21,Jeff Foster,Texas State University,1999
21,22,Kenny Thomas,New Mexico,1999
22,23,Devean George,Augsburg College,1999
23,24,Andrei Kirilenko,,1999
24,25,Tim James,Miami (FL),1999
25,26,Vonteego Cummings,Pitt,1999
26,27,Jumaine Jones,Georgia,1999
27,28,Scott Padgett,Kentucky,1999
28,29,Leon Smith,,1999
29,30,John Celestand,Villanova,1999
30,31,Rico Hill,Illinois State,1999
31,32,Michael Ruffin,Tulsa,1999
32,33,Chris Herren,Fresno State,1999
33,34,Evan Eschmeyer,Northwestern,1999
34,35,Calvin Booth,Penn State,1999
35,36,Wang Zhizhi,,1999
36,37,Obinna Ekezie,Maryland,1999
37,38,Laron Profit,Maryland,1999
38,39,A.J. Bramlett,Arizona,1999
39,40,Gordan Giriček,,1999
40,41,Francisco Elson,California,1999
41,42,Louis Bullock,Michigan,1999
42,43,Lee Nailon,TCU,1999
43,44,Tyrone Washington,Mississippi State,1999
44,45,Ryan Robertson,Kansas,1999
45,46,J.R. Koch,Iowa,1999
46,47,Todd MacCulloch,Washington,1999
47,48,Galen Young,UNC Charlotte,1999
48,49,Lari Ketner,UMass,1999
49,50,Venson Hamilton,Nebraska,1999
50,51,Antwain Smith,Saint Paul's College,1999
51,52,Roberto Bergersen,Boise State,1999
52,53,Rodney Buford,Creighton,1999
53,54,Melvin Levett,Cincinnati,1999
54,55,Kris Clack,Texas,1999
55,56,Tim Young,Stanford,1999
56,57,Manu Ginóbili,,1999
57,58,Eddie Lucas,Virginia Tech,1999
0,1,Kenyon Martin,Cincinnati,2000
1,2,Stromile Swift,LSU,2000
2,3,Darius Miles,,2000
3,4,Marcus Fizer,Iowa State,2000
4,5,Mike Miller,Florida,2000
5,6,DerMarr Johnson,Cincinnati,2000
6,7,Chris Mihm,Texas,2000
7,8,Jamal Crawford,Michigan,2000
8,9,Joel Przybilla,Minnesota,2000
9,10,Keyon Dooling,Missouri,2000
10,11,Jérôme Moïso,UCLA,2000
11,12,Etan Thomas,Syracuse,2000
12,13,Courtney Alexander,Fresno State,2000
13,14,Mateen Cleaves,Michigan State,2000
14,15,Jason Collier,Georgia Tech,2000
15,16,Hedo Türkoğlu,,2000
16,17,Desmond Mason,Oklahoma State,2000
17,18,Quentin Richardson,DePaul,2000
18,19,Jamaal Magloire,Kentucky,2000
19,20,Speedy Claxton,Hofstra,2000
20,21,Morris Peterson,Michigan State,2000
21,22,Donnell Harvey,Florida,2000
22,23,DeShawn Stevenson,,2000
23,24,Dalibor Bagarić,,2000
24,25,Jake Tsakalidis,,2000
25,26,Mamadou N'Diaye,Auburn,2000
26,27,Primož Brezec,,2000
27,28,Erick Barkley,St. John's,2000
28,29,Mark Madsen,Stanford,2000
29,30,Marko Jarić,,2000
30,31,Dan Langhi,Vanderbilt,2000
31,32,A.J. Guyton,Indiana,2000
32,33,Jake Voskuhl,UConn,2000
33,34,Khalid El-Amin,UConn,2000
34,35,Mike Smith,Louisiana-Monroe,2000
35,36,Soumaila Samake,,2000
36,37,Eddie House,Arizona State,2000
37,38,Eduardo Nájera,Oklahoma,2000
38,39,Lavor Postell,St. John's,2000
39,40,Hanno Möttölä,Utah,2000
40,41,Chris Carrawell,Duke,2000
41,42,Olumide Oyedeji,,2000
42,43,Michael Redd,Ohio State,2000
43,44,Brian Cardinal,Purdue,2000
44,45,Jabari Smith,LSU,2000
45,46,DeeAndre Hulett,College of the Sequoias,2000
46,47,Josip Sesar,,2000
47,48,Mark Karcher,Temple,2000
48,49,Jason Hart,Syracuse,2000
49,50,Kaniel Dickens,Idaho,2000
50,51,Igor Rakočević,,2000
51,52,Ernest Brown,Indian Hills Community College,2000
52,53,Dan McClintock,Northern Arizona University,2000
53,54,Cory Hightower,Indian Hills Community College,2000
54,55,Chris Porter,Auburn,2000
55,56,Jaquay Walls,Colorado,2000
56,57,Scoonie Penn,Ohio State,2000
57,58,Pete Mickeal,Cincinnati,2000
0,1,Kwame Brown,,2001
1,2,Tyson Chandler,,2001
2,3,Pau Gasol,,2001
3,4,Eddy Curry,,2001
4,5,Jason Richardson,Michigan State,2001
5,6,Shane Battier,Duke,2001
6,7,Eddie Griffin,Seton Hall,2001
7,8,DeSagana Diop,,2001
8,9,Rodney White,UNC Charlotte,2001
9,10,Joe Johnson,Arkansas,2001
10,11,Kedrick Brown,Okaloosa-Walton Community College,2001
11,12,Vladimir Radmanović,,2001
12,13,Richard Jefferson,Arizona,2001
13,14,Troy Murphy,Notre Dame,2001
14,15,Steven Hunter,DePaul,2001
15,16,Kirk Haston,Indiana,2001
16,17,Michael Bradley,Villanova,2001
17,18,Jason Collins,Stanford,2001
18,19,Zach Randolph,Michigan State,2001
19,20,Brendan Haywood,UNC,2001
20,21,Joseph Forte,UNC,2001
21,22,Jeryl Sasser,SMU,2001
22,23,Brandon Armstrong,Pepperdine,2001
23,24,Raül López,,2001
24,25,Gerald Wallace,Alabama,2001
25,26,Samuel Dalembert,Seton Hall,2001
26,27,Jamaal Tinsley,Iowa State,2001
27,28,Tony Parker,,2001
28,,,,2001
29,30,Trenton Hassell,Austin Peay State University,2001
30,31,Gilbert Arenas,Arizona,2001
31,32,Omar Cook,St. John's,2001
32,33,Will Solomon,Clemson,2001
33,34,Terence Morris,Maryland,2001
34,35,Brian Scalabrine,USC,2001
35,36,Jeff Trepagnier,USC,2001
36,37,Damone Brown,Syracuse,2001
37,38,Mehmet Okur,,2001
38,39,Michael Wright,Arizona,2001
39,40,Earl Watson,UCLA,2001
40,41,Jamison Brewer,Auburn,2001
41,42,Bobby Simmons,DePaul,2001
42,43,Eric Chenowith,Kansas,2001
43,44,Kyle Hill,Eastern Illinois University,2001
44,45,Sean Lampley,California,2001
45,46,Loren Woods,Arizona,2001
46,47,Ousmane Cisse,,2001
47,48,Antonis Fotsis,,2001
48,49,Ken Johnson,Ohio State,2001
49,50,Ruben Boumtje-Boumtje,Georgetown,2001
50,51,Alton Ford,Houston,2001
51,52,Andre Hutson,Michigan State,2001
52,53,Jarron Collins,Stanford,2001
53,54,Kenny Satterfield,Cincinnati,2001
54,55,Maurice Jeffers,Saint Louis,2001
55,56,Robertas Javtokas,,2001
56,57,Alvin Jones,Georgia Tech,2001
57,58,Bryan Bracey,Oregon,2001
0,1,Yao Ming,,2002
1,2,Jay Williams,Duke,2002
2,3,Mike Dunleavy,Duke,2002
3,4,Drew Gooden,Kansas,2002
4,5,Nikoloz Tskitishvili,,2002
5,6,Dajuan Wagner,Memphis,2002
6,7,Nenê Hilário,,2002
7,8,Chris Wilcox,Maryland,2002
8,9,Amar'e Stoudemire,,2002
9,10,Caron Butler,UConn,2002
10,11,Jared Jeffries,Indiana,2002
11,12,Melvin Ely,Fresno State,2002
12,13,Marcus Haislip,Tennessee,2002
13,14,Fred Jones,Oregon,2002
14,15,Boštjan Nachbar,,2002
15,16,Jiří Welsch,,2002
16,17,Juan Dixon,Maryland,2002
17,18,Curtis Borchardt,Stanford,2002
18,19,Ryan Humphrey,Notre Dame,2002
19,20,Kareem Rush,Missouri,2002
20,21,Qyntel Woods,Northeast Mississippi Community College,2002
21,22,Casey Jacobsen,Stanford,2002
22,23,Tayshaun Prince,Kentucky,2002
23,24,Nenad Krstić,,2002
24,25,Frank Williams,Illinois,2002
25,26,John Salmons,Miami (FL),2002
26,27,Chris Jefferies,Fresno State,2002
27,28,Dan Dickau,Gonzaga,2002
28,,,,2002
29,30,Steve Logan,Cincinnati,2002
30,31,Roger Mason,Virginia,2002
31,32,Robert Archibald,Illinois,2002
32,33,Vincent Yarbrough,Tennessee,2002
33,34,Dan Gadzuric,UCLA,2002
34,35,Carlos Boozer,Duke,2002
35,36,Milos Vujanic,,2002
36,37,David Andersen,,2002
37,38,Tito Maddox,Fresno State,2002
38,39,Rod Grizzard,Alabama,2002
39,40,Juan Carlos Navarro,,2002
40,41,Mario Kasun,,2002
41,42,Ronald Murray,Shaw,2002
42,43,Jason Jennings,Arkansas State University,2002
43,44,Lonny Baxter,Maryland,2002
44,45,Sam Clancy,USC,2002
45,46,Matt Barnes,UCLA,2002
46,47,Jamal Sampson,California,2002
47,48,Chris Owens,Texas,2002
48,49,Peter Fehse,,2002
49,50,Darius Songaila,Wake Forest,2002
50,51,Federico Kammerichs,,2002
51,52,Marcus Taylor,Michigan State,2002
52,53,Rasual Butler,La Salle,2002
53,54,Tamar Slay,Marshall,2002
54,55,Mladen Sekularac,,2002
55,56,Luis Scola,,2002
56,57,Randy Holcomb,San Diego State,2002
57,58,Corsley Edwards,Central Connecticut State University,2002
0,1,LeBron James,,2003
1,2,Darko Miličić,,2003
2,3,Carmelo Anthony,Syracuse,2003
3,4,Chris Bosh,Georgia Tech,2003
4,5,Dwyane Wade,Marquette,2003
5,6,Chris Kaman,Central Michigan University,2003
6,7,Kirk Hinrich,Kansas,2003
7,8,T.J. Ford,Texas,2003
8,9,Mike Sweetney,Georgetown,2003
9,10,Jarvis Hayes,Georgia,2003
10,11,Mickaël Piétrus,,2003
11,12,Nick Collison,Kansas,2003
12,13,Marcus Banks,UNLV,2003
13,14,Luke Ridnour,Oregon,2003
14,15,Reece Gaines,Louisville,2003
15,16,Troy Bell,Boston College,2003
16,17,Žarko Čabarkapa,,2003
17,18,David West,Xavier,2003
18,19,Sasha Pavlović,,2003
19,20,Dahntay Jones,Duke,2003
20,21,Boris Diaw,,2003
21,22,Zoran Planinić,,2003
22,23,Travis Outlaw,,2003
23,24,Brian Cook,Illinois,2003
24,25,Carlos Delfino,,2003
25,26,Ndudi Ebi,,2003
26,27,Kendrick Perkins,,2003
27,28,Leandro Barbosa,,2003
28,29,Josh Howard,Wake Forest,2003
29,30,Maciej Lampe,,2003
30,31,Jason Kapono,UCLA,2003
31,32,Luke Walton,Arizona,2003
32,33,Jerome Beasley,University of North Dakota,2003
33,34,Sofoklis Schortsanitis,,2003
34,35,Szymon Szewczyk,,2003
35,36,Mario Austin,Mississippi State,2003
36,37,Travis Hansen,BYU,2003
37,38,Steve Blake,Maryland,2003
38,39,Slavko Vraneš,,2003
39,40,Derrick Zimmerman,Mississippi State,2003
40,41,Willie Green,Detroit Mercy,2003
41,42,Zaza Pachulia,,2003
42,43,Keith Bogans,Kentucky,2003
43,44,Malick Badiane,,2003
44,45,Matt Bonner,Florida,2003
45,46,Sani Bečirovič,,2003
46,47,Mo Williams,Alabama,2003
47,48,James Lang,,2003
48,49,James Jones,Miami (FL),2003
49,50,Paccelis Morlende,,2003
50,51,Kyle Korver,Creighton,2003
51,52,Remon Van de Hare,,2003
52,53,Tommy Smith,Arizona State,2003
53,54,Nedžad Sinanović,,2003
54,55,Rick Rickert,Minnesota,2003
55,56,Brandon Hunter,Ohio University,2003
56,57,Xue Yuyang,,2003
57,58,Andreas Glyniadakis,,2003
0,1,Dwight Howard,,2004
1,2,Emeka Okafor,UConn,2004
2,3,Ben Gordon,UConn,2004
3,4,Shaun Livingston,,2004
4,5,Devin Harris,Wisconsin,2004
5,6,Josh Childress,Stanford,2004
6,7,Luol Deng,Duke,2004
7,8,Rafael Araújo,BYU,2004
8,9,Andre Iguodala,Arizona,2004
9,10,Luke Jackson,Oregon,2004
10,11,Andris Biedriņš,,2004
11,12,Robert Swift,,2004
12,13,Sebastian Telfair,,2004
13,14,Kris Humphries,Minnesota,2004
14,15,Al Jefferson,,2004
15,16,Kirk Snyder,Nevada,2004
16,17,Josh Smith,,2004
17,18,J.R. Smith,,2004
18,19,Dorell Wright,,2004
19,20,Jameer Nelson,Saint Joseph's,2004
20,21,Pavel Podkolzin,,2004
21,22,Viktor Khryapa,,2004
22,23,Sergei Monia,,2004
23,24,Delonte West,Saint Joseph's,2004
24,25,Tony Allen,Oklahoma State,2004
25,26,Kevin Martin,Western Carolina University,2004
26,27,Sasha Vujačić,,2004
27,28,Beno Udrih,,2004
28,29,David Harrison,Colorado,2004
29,30,Anderson Varejão,,2004
30,31,Jackson Vroman,Iowa State,2004
31,32,Peter John Ramos,,2004
32,33,Lionel Chalmers,Xavier,2004
33,34,Donta Smith,Southeastern Illinois College,2004
34,35,Andre Emmett,Texas Tech,2004
35,36,Antonio Burks,Memphis,2004
36,37,Royal Ivey,Texas,2004
37,38,Chris Duhon,Duke,2004
38,39,Albert Miralles,,2004
39,40,Justin Reed,Ole Miss,2004
40,41,David Young,NC Central,2004
41,42,Viktor Sanikidze,,2004
42,43,Trevor Ariza,UCLA,2004
43,44,Tim Pickett,Florida State,2004
44,45,Bernard Robinson,Michigan,2004
45,46,Ha Seung-Jin,,2004
46,47,Pape Sow,Cal State Fullerton,2004
47,48,Ricky Minard,Morehead State University,2004
48,49,Sergei Lishouk,,2004
49,50,Vassilis Spanoulis,,2004
50,51,Christian Drejer,Florida,2004
51,52,Romain Sato,Xavier,2004
52,53,Matt Freije,Vanderbilt,2004
53,54,Rickey Paulding,Missouri,2004
54,55,Luis Flores,Manhattan College,2004
55,56,Marcus Douthit,Providence,2004
56,57,Sergei Karaulov,,2004
57,58,Blake Stepp,Gonzaga,2004
58,59,Rashad Wright,Georgia,2004
0,1,Andrew Bogut,Utah,2005
1,2,Marvin Williams,UNC,2005
2,3,Deron Williams,Illinois,2005
3,4,Chris Paul,Wake Forest,2005
4,5,Raymond Felton,UNC,2005
5,6,Martell Webster,,2005
6,7,Charlie Villanueva,UConn,2005
7,8,Channing Frye,Arizona,2005
8,9,Ike Diogu,Arizona State,2005
9,10,Andrew Bynum,,2005
10,11,Fran Vázquez,,2005
11,12,Yaroslav Korolev,,2005
12,13,Sean May,UNC,2005
13,14,Rashad McCants,UNC,2005
14,15,Antoine Wright,Texas A&M,2005
15,16,Joey Graham,Oklahoma State,2005
16,17,Danny Granger,New Mexico,2005
17,18,Gerald Green,,2005
18,19,Hakim Warrick,Syracuse,2005
19,20,Julius Hodge,NC State,2005
20,21,Nate Robinson,Washington,2005
21,22,Jarrett Jack,Georgia Tech,2005
22,23,Francisco García,Louisville,2005
23,24,Luther Head,Illinois,2005
24,25,Johan Petro,,2005
25,26,Jason Maxiell,Cincinnati,2005
26,27,Linas Kleiza,Missouri,2005
27,28,Ian Mahinmi,,2005
28,29,Wayne Simien,Kansas,2005
29,30,David Lee,Florida,2005
30,31,Salim Stoudamire,Arizona,2005
31,32,Daniel Ewing,Duke,2005
32,33,Brandon Bass,LSU,2005
33,34,C.J. Miles,,2005
34,35,Ricky Sanchez,,2005
35,36,Ersan İlyasova,,2005
36,37,Ronny Turiaf,Gonzaga,2005
37,38,Travis Diener,Marquette,2005
38,39,Von Wafer,Florida State,2005
39,40,Monta Ellis,,2005
40,41,Roko Ukić,,2005
41,42,Chris Taft,Pitt,2005
42,43,Mile Ilić,,2005
43,44,Martynas Andriuškevičius,,2005
44,45,Lou Williams,,2005
45,46,Erazem Lorbek,,2005
46,47,Bracey Wright,Indiana,2005
47,48,Mickaël Gelabale,,2005
48,49,Andray Blatche,,2005
49,50,Ryan Gomes,Providence,2005
50,51,Robert Whaley,Walsh University,2005
51,52,Axel Hervelle,,2005
52,53,Orien Greene,LA-Lafayette,2005
53,54,Dijon Thompson,UCLA,2005
54,55,Lawrence Roberts,Mississippi State,2005
55,56,Amir Johnson,,2005
56,57,Marcin Gortat,,2005
57,58,Uroš Slokar,,2005
58,59,Cenk Akyol,,2005
59,60,Alex Acker,Pepperdine,2005
0,1,Andrea Bargnani,,2006
1,2,LaMarcus Aldridge,Texas,2006
2,3,Adam Morrison,Gonzaga,2006
3,4,Tyrus Thomas,LSU,2006
4,5,Shelden Williams,Duke,2006
5,6,Brandon Roy,Washington,2006
6,7,Randy Foye,Villanova,2006
7,8,Rudy Gay,UConn,2006
8,9,Patrick O'Bryant,Bradley,2006
9,10,Mouhamed Sene,,2006
10,11,J.J. Redick,Duke,2006
11,12,Hilton Armstrong,UConn,2006
12,13,Thabo Sefolosha,,2006
13,14,Ronnie Brewer,Arkansas,2006
14,15,Cedric Simmons,NC State,2006
15,16,Rodney Carney,Memphis,2006
16,17,Shawne Williams,Memphis,2006
17,18,Oleksiy Pecherov,,2006
18,19,Quincy Douby,Rutgers University,2006
19,20,Renaldo Balkman,South Carolina,2006
20,21,Rajon Rondo,Kentucky,2006
21,22,Marcus Williams,UConn,2006
22,23,Josh Boone,UConn,2006
23,24,Kyle Lowry,Villanova,2006
24,25,Shannon Brown,Michigan State,2006
25,26,Jordan Farmar,UCLA,2006
26,27,Sergio Rodríguez,,2006
27,28,Maurice Ager,Michigan State,2006
28,29,Mardy Collins,Temple,2006
29,30,Joel Freeland,,2006
30,31,James White,Cincinnati,2006
31,32,Steve Novak,Marquette,2006
32,33,Solomon Jones,South Florida,2006
33,34,Paul Davis,Michigan State,2006
34,35,P.J. Tucker,Texas,2006
35,36,Craig Smith,Boston College,2006
36,37,Bobby Jones,Washington,2006
37,38,Kosta Perović,,2006
38,39,David Noel,UNC,2006
39,40,Denham Brown,UConn,2006
40,41,James Augustine,Illinois,2006
41,42,Daniel Gibson,Texas,2006
42,43,Marcus Vinicius,,2006
43,44,Lior Eliyahu,,2006
44,45,Alexander Johnson,Florida State,2006
45,46,Dee Brown,Illinois,2006
46,47,Paul Millsap,Louisiana Tech,2006
47,48,Vladimir Veremeenko,,2006
48,49,Leon Powe,California,2006
49,50,Ryan Hollins,UCLA,2006
50,51,Cheikh Samb,,2006
51,52,Guillermo Díaz,Miami (FL),2006
52,53,Yotam Halperin,,2006
53,54,Hassan Adams,Arizona,2006
54,55,Ejike Ugboaja,,2006
55,56,Edin Bavčić,,2006
56,57,Loukas Mavrokefalidis,,2006
57,58,J.R. Pinnock,George Washington,2006
58,59,Damir Markota,,2006
59,60,Will Blalock,Iowa State,2006
0,1,Greg Oden,Ohio State,2007
1,2,Kevin Durant,Texas,2007
2,3,Al Horford,Florida,2007
3,4,Mike Conley,Ohio State,2007
4,5,Jeff Green,Georgetown,2007
5,6,Yi Jianlian,,2007
6,7,Corey Brewer,Florida,2007
7,8,Brandan Wright,UNC,2007
8,9,Joakim Noah,Florida,2007
9,10,Spencer Hawes,Washington,2007
10,11,Acie Law,Texas A&M,2007
11,12,Thaddeus Young,Georgia Tech,2007
12,13,Julian Wright,Kansas,2007
13,14,Al Thornton,Florida State,2007
14,15,Rodney Stuckey,Eastern Washington,2007
15,16,Nick Young,USC,2007
16,17,Sean Williams,Boston College,2007
17,18,Marco Belinelli,,2007
18,19,Javaris Crittenton,Georgia Tech,2007
19,20,Jason Smith,Colorado State,2007
20,21,Daequan Cook,Ohio State,2007
21,22,Jared Dudley,Boston College,2007
22,23,Wilson Chandler,DePaul,2007
23,24,Rudy Fernández,,2007
24,25,Morris Almond,Rice University,2007
25,26,Aaron Brooks,Oregon,2007
26,27,Arron Afflalo,UCLA,2007
27,28,Tiago Splitter,,2007
28,29,Alando Tucker,Wisconsin,2007
29,30,Petteri Koponen,,2007
30,31,Carl Landry,Purdue,2007
31,32,Gabe Pruitt,USC,2007
32,33,Marcus Williams,Arizona,2007
33,34,Nick Fazekas,Nevada,2007
34,35,Glen Davis,LSU,2007
35,36,Jermareo Davidson,Alabama,2007
36,37,Josh McRoberts,Duke,2007
37,38,Kyrylo Fesenko,,2007
38,39,Stanko Barać,,2007
39,40,Sun Yue,,2007
40,41,Chris Richard,Florida,2007
41,42,Derrick Byars,Vanderbilt,2007
42,43,Adam Haluska,Iowa,2007
43,44,Reyshawn Terry,UNC,2007
44,45,Jared Jordan,Marist College,2007
45,46,Stéphane Lasme,UMass,2007
46,47,Dominic McGuire,Fresno State,2007
47,48,Marc Gasol,,2007
48,49,Aaron Gray,Pitt,2007
49,50,Renaldas Seibutis,,2007
50,51,JamesOn Curry,Oklahoma State,2007
51,52,Taurean Green,Florida,2007
52,53,Demetris Nichols,Syracuse,2007
53,54,Brad Newley,,2007
54,55,Herbert Hill,Providence,2007
55,56,Ramon Sessions,Nevada,2007
56,57,Sammy Mejia,DePaul,2007
57,58,Georgios Printezis,,2007
58,59,D.J. Strawberry,Maryland,2007
59,60,Milovan Raković,,2007
0,1,Derrick Rose,Memphis,2008
1,2,Michael Beasley,Kansas State,2008
2,3,O.J. Mayo,USC,2008
3,4,Russell Westbrook,UCLA,2008
4,5,Kevin Love,UCLA,2008
5,6,Danilo Gallinari,,2008
6,7,Eric Gordon,Indiana,2008
7,8,Joe Alexander,West Virginia,2008
8,9,D.J. Augustin,Texas,2008
9,10,Brook Lopez,Stanford,2008
10,11,Jerryd Bayless,Arizona,2008
11,12,Jason Thompson,Rider University,2008
12,13,Brandon Rush,Kansas,2008
13,14,Anthony Randolph,LSU,2008
14,15,Robin Lopez,Stanford,2008
15,16,Marreese Speights,Florida,2008
16,17,Roy Hibbert,Georgetown,2008
17,18,JaVale McGee,Nevada,2008
18,19,J.J. Hickson,NC State,2008
19,20,Alexis Ajinça,,2008
20,21,Ryan Anderson,California,2008
21,22,Courtney Lee,Western Kentucky,2008
22,23,Kosta Koufos,Ohio State,2008
23,24,Serge Ibaka,,2008
24,25,Nicolas Batum,,2008
25,26,George Hill,IUPUI,2008
26,27,Darrell Arthur,Kansas,2008
27,28,Donté Greene,Syracuse,2008
28,29,D.J. White,Indiana,2008
29,30,J.R. Giddens,New Mexico,2008
30,31,Nikola Peković,,2008
31,32,Walter Sharpe,University of Alabama at Birmingham,2008
32,33,Joey Dorsey,Memphis,2008
33,34,Mario Chalmers,Kansas,2008
34,35,DeAndre Jordan,Texas A&M,2008
35,36,Ömer Aşık,,2008
36,37,Luc Mbah a Moute,UCLA,2008
37,38,Kyle Weaver,Washington State,2008
38,39,Sonny Weems,Arkansas,2008
39,40,Chris Douglas-Roberts,Memphis,2008
40,41,Nathan Jawai,,2008
41,42,Sean Singletary,Virginia,2008
42,43,Patrick Ewing,Georgetown,2008
43,44,Ante Tomić,,2008
44,45,Goran Dragić,,2008
45,46,Trent Plaisted,Brigham Young University Hawaii,2008
46,47,Henry Walker,Kansas State,2008
47,48,Malik Hairston,Oregon,2008
48,49,Richard Hendrix,Alabama,2008
49,50,DeVon Hardin,California,2008
50,51,Shan Foster,Vanderbilt,2008
51,52,Darnell Jackson,Kansas,2008
52,53,Tadija Dragićević,,2008
53,54,Maarty Leunen,Oregon,2008
54,55,Mike Taylor,Iowa State,2008
55,56,Sasha Kaun,Kansas,2008
56,57,James Gist,Maryland,2008
57,58,Joe Crawford,Kentucky,2008
58,59,Deron Washington,Virginia Tech,2008
59,60,Semih Erden,,2008
0,1,Blake Griffin,Oklahoma,2009
1,2,Hasheem Thabeet,UConn,2009
2,3,James Harden,Arizona State,2009
3,4,Tyreke Evans,Memphis,2009
4,5,Ricky Rubio,,2009
5,6,Jonny Flynn,Syracuse,2009
6,7,Stephen Curry,Davidson,2009
7,8,Jordan Hill,Arizona,2009
8,9,DeMar DeRozan,USC,2009
9,10,Brandon Jennings,,2009
10,11,Terrence Williams,Louisville,2009
11,12,Gerald Henderson,Duke,2009
12,13,Tyler Hansbrough,UNC,2009
13,14,Earl Clark,Louisville,2009
14,15,Austin Daye,Gonzaga,2009
15,16,James Johnson,Wake Forest,2009
16,17,Jrue Holiday,UCLA,2009
17,18,Ty Lawson,UNC,2009
18,19,Jeff Teague,Wake Forest,2009
19,20,Eric Maynor,Virginia Commonwealth,2009
20,21,Darren Collison,UCLA,2009
21,22,Victor Claver,,2009
22,23,Omri Casspi,,2009
23,24,Byron Mullens,Ohio State,2009
24,25,Rodrigue Beaubois,,2009
25,26,Taj Gibson,USC,2009
26,27,DeMarre Carroll,Missouri,2009
27,28,Wayne Ellington,UNC,2009
28,29,Toney Douglas,Florida State,2009
29,30,Christian Eyenga,,2009
30,31,Jeff Ayres,Arizona State,2009
31,32,Jermaine Taylor,Central Florida,2009
32,33,Dante Cunningham,Villanova,2009
33,34,Sergio Llull,,2009
34,35,DaJuan Summers,Georgetown,2009
35,36,Sam Young,Pitt,2009
36,37,DeJuan Blair,Pitt,2009
37,38,Jon Brockman,Washington,2009
38,39,Jonas Jerebko,,2009
39,40,Derrick Brown,Xavier,2009
40,41,Jodie Meeks,Kentucky,2009
41,42,Patrick Beverley,Arkansas,2009
42,43,Marcus Thornton,LSU,2009
43,44,Chase Budinger,Arizona,2009
44,45,Nick Calathes,Florida,2009
45,46,Danny Green,UNC,2009
46,47,Henk Norel,,2009
47,48,Taylor Griffin,Oklahoma,2009
48,49,Sergiy Gladyr,,2009
49,50,Goran Suton,Michigan State,2009
50,51,Jack McClinton,Miami (FL),2009
51,52,A.J. Price,UConn,2009
52,53,Nando De Colo,,2009
53,54,Robert Vaden,University of Alabama at Birmingham,2009
54,55,Patty Mills,Saint Mary's,2009
55,56,Ahmad Nivins,Saint Joseph's,2009
56,57,Emir Preldžić,,2009
57,58,Lester Hudson,University of Tennessee at Martin,2009
58,59,Chinemelu Elonu,Texas A&M,2009
59,60,Robert Dozier,Memphis,2009
0,1,John Wall,Kentucky,2010
1,2,Evan Turner,Ohio State,2010
2,3,Derrick Favors,Georgia Tech,2010
3,4,Wesley Johnson,Syracuse,2010
4,5,DeMarcus Cousins,Kentucky,2010
5,6,Ekpe Udoh,Baylor,2010
6,7,Greg Monroe,Georgetown,2010
7,8,Al-Farouq Aminu,Wake Forest,2010
8,9,Gordon Hayward,Butler,2010
9,10,Paul George,Fresno State,2010
10,11,Cole Aldrich,Kansas,2010
11,12,Xavier Henry,Kansas,2010
12,13,Ed Davis,UNC,2010
13,14,Patrick Patterson,Kentucky,2010
14,15,Larry Sanders,Virginia Commonwealth,2010
15,16,Luke Babbitt,Nevada,2010
16,17,Kevin Séraphin,,2010
17,18,Eric Bledsoe,Kentucky,2010
18,19,Avery Bradley,Texas,2010
19,20,James Anderson,Oklahoma State,2010
20,21,Craig Brackins,Iowa State,2010
21,22,Elliot Williams,Memphis,2010
22,23,Trevor Booker,Clemson,2010
23,24,Damion James,Texas,2010
24,25,Dominique Jones,South Florida,2010
25,26,Quincy Pondexter,Washington,2010
26,27,Jordan Crawford,Xavier,2010
27,28,Greivis Vásquez,Maryland,2010
28,29,Daniel Orton,Kentucky,2010
29,30,Lazar Hayward,Marquette,2010
30,31,Tibor Pleiß,,2010
31,32,Dexter Pittman,Texas,2010
32,33,Hassan Whiteside,Marshall,2010
33,34,Armon Johnson,Nevada,2010
34,35,Nemanja Bjelica,,2010
35,36,Terrico White,Ole Miss,2010
36,37,Darington Hobson,New Mexico,2010
37,38,Andy Rautins,Syracuse,2010
38,39,Landry Fields,Stanford,2010
39,40,Lance Stephenson,Cincinnati,2010
40,41,Jarvis Varnado,Mississippi State,2010
41,42,Da'Sean Butler,West Virginia,2010
42,43,Devin Ebanks,West Virginia,2010
43,44,Jerome Jordan,Tulsa,2010
44,45,Paulo Prestes,,2010
45,46,Gani Lawal,Georgia Tech,2010
46,47,Tiny Gallon,Oklahoma,2010
47,48,Latavious Williams,,2010
48,49,Ryan Richards,,2010
49,50,Solomon Alabi,Florida State,2010
50,51,Magnum Rolle,Louisiana Tech,2010
51,52,Luke Harangody,Notre Dame,2010
52,53,Pape Sy,,2010
53,54,Willie Warren,Oklahoma,2010
54,55,Jeremy Evans,Western Kentucky,2010
55,56,Hamady N'Diaye,Rutgers University,2010
56,57,Ryan Reid,Florida State,2010
57,58,Derrick Caracter,Texas-El Paso,2010
58,59,Stanley Robinson,UConn,2010
59,60,Dwayne Collins,Miami (FL),2010
0,1,Kyrie Irving,Duke,2011
1,2,Derrick Williams,Arizona,2011
2,3,Enes Kanter,,2011
3,4,Tristan Thompson,Texas,2011
4,5,Jonas Valančiūnas,,2011
5,6,Jan Veselý,,2011
6,7,Bismack Biyombo,,2011
7,8,Brandon Knight,Kentucky,2011
8,9,Kemba Walker,UConn,2011
9,10,Jimmer Fredette,BYU,2011
10,11,Klay Thompson,Washington State,2011
11,12,Alec Burks,Colorado,2011
12,13,Markieff Morris,Kansas,2011
13,14,Marcus Morris,Kansas,2011
14,15,Kawhi Leonard,San Diego State,2011
15,16,Nikola Vučević,USC,2011
16,17,Iman Shumpert,Georgia Tech,2011
17,18,Chris Singleton,Florida State,2011
18,19,Tobias Harris,Tennessee,2011
19,20,Donatas Motiejūnas,,2011
20,21,Nolan Smith,Duke,2011
21,22,Kenneth Faried,Morehead State University,2011
22,23,Nikola Mirotić,,2011
23,24,Reggie Jackson,Boston College,2011
24,25,MarShon Brooks,Providence,2011
25,26,Jordan Hamilton,Texas,2011
26,27,JaJuan Johnson,Purdue,2011
27,28,Norris Cole,Cleveland State University,2011
28,29,Cory Joseph,Texas,2011
29,30,Jimmy Butler,Marquette,2011
30,31,Bojan Bogdanović,,2011
31,32,Justin Harper,Richmond,2011
32,33,Kyle Singler,Duke,2011
33,34,Shelvin Mack,Butler,2011
34,35,Tyler Honeycutt,UCLA,2011
35,36,Jordan Williams,Maryland,2011
36,37,Trey Thompkins,Georgia,2011
37,38,Chandler Parsons,Florida,2011
38,39,Jeremy Tyler,,2011
39,40,Jon Leuer,Wisconsin,2011
40,41,Darius Morris,Michigan,2011
41,42,Dāvis Bertāns,,2011
42,43,Malcolm Lee,UCLA,2011
43,44,Charles Jenkins,Hofstra,2011
44,45,Josh Harrellson,Kentucky,2011
45,46,Andrew Goudelock,College of Charleston,2011
46,47,Travis Leslie,Georgia,2011
47,48,Keith Benson,Oakland,2011
48,49,Josh Selby,Kansas,2011
49,50,Lavoy Allen,Temple,2011
50,51,Jon Diebler,Ohio State,2011
51,52,Vernon Macklin,Florida,2011
52,53,DeAndre Liggins,Kentucky,2011
53,54,Milan Mačvan,,2011
54,55,E'Twaun Moore,Purdue,2011
55,56,Chukwudiebere Maduabum,,2011
56,57,Targuy Ngombo,,2011
57,58,Ater Majok,,2011
58,59,Ádám Hanga,,2011
59,60,Isaiah Thomas,Washington,2011
0,1,Anthony Davis,Kentucky,2012
1,2,Michael Kidd-Gilchrist,Kentucky,2012
2,3,Bradley Beal,Florida,2012
3,4,Dion Waiters,Syracuse,2012
4,5,Thomas Robinson,Kansas,2012
5,6,Damian Lillard,Weber State,2012
6,7,Harrison Barnes,UNC,2012
7,8,Terrence Ross,Washington,2012
8,9,Andre Drummond,UConn,2012
9,10,Austin Rivers,Duke,2012
10,11,Meyers Leonard,Illinois,2012
11,12,Jeremy Lamb,UConn,2012
12,13,Kendall Marshall,UNC,2012
13,14,John Henson,UNC,2012
14,15,Maurice Harkless,St. John's,2012
15,16,Royce White,Iowa State,2012
16,17,Tyler Zeller,UNC,2012
17,18,Terrence Jones,Kentucky,2012
18,19,Andrew Nicholson,St. Bonaventure,2012
19,20,Evan Fournier,,2012
20,21,Jared Sullinger,Ohio State,2012
21,22,Fab Melo,Syracuse,2012
22,23,John Jenkins,Vanderbilt,2012
23,24,Jared Cunningham,Oregon State,2012
24,25,Tony Wroten,Washington,2012
25,26,Miles Plumlee,Duke,2012
26,27,Arnett Moultrie,Mississippi State,2012
27,28,Perry Jones,Baylor,2012
28,29,Marquis Teague,Kentucky,2012
29,30,Festus Ezeli,Vanderbilt,2012
30,31,Jeffery Taylor,Vanderbilt,2012
31,32,Tomáš Satoranský,,2012
32,33,Bernard James,Florida State,2012
33,34,Jae Crowder,Marquette,2012
34,35,Draymond Green,Michigan State,2012
35,36,Orlando Johnson,UC Santa Barbara,2012
36,37,Quincy Acy,Baylor,2012
37,38,Quincy Miller,Baylor,2012
38,39,Khris Middleton,Texas A&M,2012
39,40,Will Barton,Memphis,2012
40,41,Tyshawn Taylor,Kansas,2012
41,42,Doron Lamb,Kentucky,2012
42,43,Mike Scott,Virginia,2012
43,44,Kim English,Missouri,2012
44,45,Justin Hamilton,LSU,2012
45,46,Darius Miller,Kentucky,2012
46,47,Kevin Murphy,Tennessee Technological University,2012
47,48,Kostas Papanikolaou,,2012
48,49,Kyle O'Quinn,Norfolk State,2012
49,50,İzzet Türkyılmaz,,2012
50,51,Kris Joseph,Syracuse,2012
51,52,Ognjen Kuzmić,,2012
52,53,Furkan Aldemir,,2012
53,54,Tornike Shengelia,,2012
54,55,Darius Johnson-Odom,Marquette,2012
55,56,Tomislav Zubčić,,2012
56,57,İlkan Karaman,,2012
57,58,Robbie Hummel,Purdue,2012
58,59,Marcus Denmon,Missouri,2012
59,60,Robert Sacre,Gonzaga,2012
0,1,Anthony Bennett,UNLV,2013
1,2,Victor Oladipo,Indiana,2013
2,3,Otto Porter,Georgetown,2013
3,4,Cody Zeller,Indiana,2013
4,5,Alex Len,Maryland,2013
5,6,Nerlens Noel,Kentucky,2013
6,7,Ben McLemore,Kansas,2013
7,8,Kentavious Caldwell-Pope,Georgia,2013
8,9,Trey Burke,Michigan,2013
9,10,CJ McCollum,Lehigh,2013
10,11,Michael Carter-Williams,Syracuse,2013
11,12,Steven Adams,Pitt,2013
12,13,Kelly Olynyk,Gonzaga,2013
13,14,Shabazz Muhammad,UCLA,2013
14,15,Giannis Antetokounmpo,,2013
15,16,Lucas Nogueira,,2013
16,17,Dennis Schröder,,2013
17,18,Shane Larkin,Miami (FL),2013
18,19,Sergey Karasev,,2013
19,20,Tony Snell,New Mexico,2013
20,21,Gorgui Dieng,Louisville,2013
21,22,Mason Plumlee,Duke,2013
22,23,Solomon Hill,Arizona,2013
23,24,Tim Hardaway,Michigan,2013
24,25,Reggie Bullock,UNC,2013
25,26,Andre Roberson,Colorado,2013
26,27,Rudy Gobert,,2013
27,28,Livio Jean-Charles,,2013
28,29,Archie Goodwin,Kentucky,2013
29,30,Nemanja Nedović,,2013
30,31,Allen Crabbe,California,2013
31,32,Álex Abrines,,2013
32,33,Carrick Felix,Arizona State,2013
33,34,Isaiah Canaan,Murray State,2013
34,35,Glen Rice,Georgia Tech,2013
35,36,Ray McCallum,Detroit Mercy,2013
36,37,Tony Mitchell,University of North Texas,2013
37,38,Nate Wolters,South Dakota State,2013
38,39,Jeff Withey,Kansas,2013
39,40,Grant Jerrett,Arizona,2013
40,41,Jamaal Franklin,San Diego State,2013
41,42,Pierre Jackson,Baylor,2013
42,43,Ricky Ledo,Providence,2013
43,44,Mike Muscala,Bucknell,2013
44,45,Marko Todorović,,2013
45,46,Erick Green,Virginia Tech,2013
46,47,Raul Neto,,2013
47,48,Ryan Kelly,Duke,2013
48,49,Erik Murphy,Florida,2013
49,50,James Ennis,Cal State Long Beach,2013
50,51,Romero Osby,Oklahoma,2013
51,52,Lorenzo Brown,NC State,2013
52,53,Colton Iverson,Colorado State,2013
53,54,Arsalan Kazemi,Oregon,2013
54,55,Joffrey Lauvergne,,2013
55,56,Peyton Siva,Louisville,2013
56,57,Alex Oriakhi,Missouri,2013
57,58,Deshaun Thomas,Ohio State,2013
58,59,Bojan Dubljević,,2013
59,60,Jānis Timma,,2013
0,1,Andrew Wiggins,Kansas,2014
1,2,Jabari Parker,Duke,2014
2,3,Joel Embiid,Kansas,2014
3,4,Aaron Gordon,Arizona,2014
4,5,Dante Exum,,2014
5,6,Marcus Smart,Oklahoma State,2014
6,7,Julius Randle,Kentucky,2014
7,8,Nik Stauskas,Michigan,2014
8,9,Noah Vonleh,Indiana,2014
9,10,Elfrid Payton,LA-Lafayette,2014
10,11,Doug McDermott,Creighton,2014
11,12,Dario Šarić,,2014
12,13,Zach LaVine,UCLA,2014
13,14,T.J. Warren,NC State,2014
14,15,Adreian Payne,Michigan State,2014
15,16,Jusuf Nurkić,,2014
16,17,James Young,Kentucky,2014
17,18,Tyler Ennis,Syracuse,2014
18,19,Gary Harris,Michigan State,2014
19,20,Bruno Caboclo,,2014
20,21,Mitch McGary,Michigan,2014
21,22,Jordan Adams,UCLA,2014
22,23,Rodney Hood,Duke,2014
23,24,Shabazz Napier,UConn,2014
24,25,Clint Capela,,2014
25,26,P.J. Hairston,UNC,2014
26,27,Bogdan Bogdanović,,2014
27,28,C.J. Wilcox,Washington,2014
28,29,Josh Huestis,Stanford,2014
29,30,Kyle Anderson,UCLA,2014
30,31,Damien Inglis,,2014
31,32,K.J. McDaniels,Clemson,2014
32,33,Joe Harris,Virginia,2014
33,34,Cleanthony Early,Wichita State,2014
34,35,Jarnell Stokes,Tennessee,2014
35,36,Johnny O'Bryant,LSU,2014
36,37,DeAndre Daniels,UConn,2014
37,38,Spencer Dinwiddie,Colorado,2014
38,39,Jerami Grant,Syracuse,2014
39,40,Glenn Robinson,Michigan,2014
40,41,Nikola Jokić,,2014
41,42,Nick Johnson,Arizona,2014
42,43,Edy Tavares,,2014
43,44,Markel Brown,Oklahoma State,2014
44,45,Dwight Powell,Stanford,2014
45,46,Jordan Clarkson,Missouri,2014
46,47,Russ Smith,Louisville,2014
47,48,Lamar Patterson,Pitt,2014
48,49,Cameron Bairstow,New Mexico,2014
49,50,Alec Brown,Green Bay,2014
50,51,Thanasis Antetokounmpo,,2014
51,52,Vasilije Micić,,2014
52,53,Alessandro Gentile,,2014
53,54,Nemanja Dangubić,,2014
54,55,Semaj Christon,Xavier,2014
55,56,Devyn Marble,Iowa,2014
56,57,Louis Labeyrie,,2014
57,58,Jordan McRae,Tennessee,2014
58,59,Xavier Thames,San Diego State,2014
59,60,Cory Jefferson,Baylor,2014
0,1,Karl-Anthony Towns,Kentucky,2015
1,2,D'Angelo Russell,Ohio State,2015
2,3,Jahlil Okafor,Duke,2015
3,4,Kristaps Porziņģis,,2015
4,5,Mario Hezonja,,2015
5,6,Willie Cauley-Stein,Kentucky,2015
6,7,Emmanuel Mudiay,,2015
7,8,Stanley Johnson,Arizona,2015
8,9,Frank Kaminsky,Wisconsin,2015
9,10,Justise Winslow,Duke,2015
10,11,Myles Turner,Texas,2015
11,12,Trey Lyles,Kentucky,2015
12,13,Devin Booker,Kentucky,2015
13,14,Cameron Payne,Murray State,2015
14,15,Kelly Oubre,Kansas,2015
15,16,Terry Rozier,Louisville,2015
16,17,Rashad Vaughn,UNLV,2015
17,18,Sam Dekker,Wisconsin,2015
18,19,Jerian Grant,Notre Dame,2015
19,20,Delon Wright,Utah,2015
20,21,Justin Anderson,Virginia,2015
21,22,Bobby Portis,Arkansas,2015
22,23,Rondae Hollis-Jefferson,Arizona,2015
23,24,Tyus Jones,Duke,2015
24,25,Jarell Martin,LSU,2015
25,26,Nikola Milutinov,,2015
26,27,Larry Nance,Wyoming,2015
27,28,R.J. Hunter,Georgia State University,2015
28,29,Chris McCullough,Syracuse,2015
29,30,Kevon Looney,UCLA,2015
30,31,Cedi Osman,,2015
31,32,Montrezl Harrell,Louisville,2015
32,33,Jordan Mickey,LSU,2015
33,34,Anthony Brown,Stanford,2015
34,35,Willy Hernangómez,,2015
35,36,Rakeem Christmas,Syracuse,2015
36,37,Richaun Holmes,Bowling Green,2015
37,38,Darrun Hilliard,Villanova,2015
38,39,Juan Pablo Vaulet,,2015
39,40,Josh Richardson,Tennessee,2015
40,41,Pat Connaughton,Notre Dame,2015
41,42,Olivier Hanlan,Boston College,2015
42,43,Joe Young,Oregon,2015
43,44,Andrew Harrison,Kentucky,2015
44,45,Marcus Thornton,William & Mary,2015
45,46,Norman Powell,UCLA,2015
46,47,Artūras Gudaitis,,2015
47,48,Dakari Johnson,Kentucky,2015
48,49,Aaron White,Iowa,2015
49,50,Marcus Eriksson,,2015
50,51,Tyler Harvey,Eastern Washington,2015
51,52,Satnam Singh Bhamara,,2015
52,53,Sir'Dominic Pointer,St. John's,2015
53,54,Dani Díez de la Faya,,2015
54,55,Cady Lalanne,UMass,2015
55,56,Branden Dawson,Michigan State,2015
56,57,Nikola Radičević,,2015
57,58,J.P. Tokoto,UNC,2015
58,59,Dimitrios Agravanis,,2015
59,60,Luka Mitrović,,2015
0,1,Ben Simmons,LSU,2016
1,2,Brandon Ingram,Duke,2016
2,3,Jaylen Brown,California,2016
3,4,Dragan Bender,,2016
4,5,Kris Dunn,Providence,2016
5,6,Buddy Hield,Oklahoma,2016
6,7,Jamal Murray,Kentucky,2016
7,8,Marquese Chriss,Washington,2016
8,9,Jakob Pöltl,Utah,2016
9,10,Thon Maker,,2016
10,11,Domantas Sabonis,Gonzaga,2016
11,12,Taurean Waller-Prince,Baylor,2016
12,13,Georgios Papagiannis,,2016
13,14,Denzel Valentine,Michigan State,2016
14,15,Juan Hernangómez,,2016
15,16,Guerschon Yabusele,,2016
16,17,Wade Baldwin,Vanderbilt,2016
17,18,Henry Ellenson,Marquette,2016
18,19,Malik Beasley,Florida State,2016
19,20,Caris LeVert,Michigan,2016
20,21,DeAndre' Bembry,Saint Joseph's,2016
21,22,Malachi Richardson,Syracuse,2016
22,23,Ante Žižić,,2016
23,24,Timothé Luwawu-Cabarrot,,2016
24,25,Brice Johnson,UNC,2016
25,26,Furkan Korkmaz,,2016
26,27,Pascal Siakam,New Mexico State,2016
27,28,Skal Labissière,Kentucky,2016
28,29,Dejounte Murray,Washington,2016
29,30,Damian Jones,Vanderbilt,2016
30,31,Deyonta Davis,Michigan State,2016
31,32,Ivica Zubac,,2016
32,33,Cheick Diallo,Kansas,2016
33,34,Tyler Ulis,Kentucky,2016
34,35,Rade Zagorac,,2016
35,36,Malcolm Brogdon,Virginia,2016
36,37,Chinanu Onuaku,Louisville,2016
37,38,Patrick McCaw,UNLV,2016
38,39,David Michineau,,2016
39,40,Diamond Stone,Maryland,2016
40,41,Stephen Zimmerman,UNLV,2016
41,42,Isaiah Whitehead,Seton Hall,2016
42,43,Zhou Qi,,2016
43,44,Isaïa Cordinier,,2016
44,45,Demetrius Jackson,Notre Dame,2016
45,46,A.J. Hammons,Purdue,2016
46,47,Jake Layman,Maryland,2016
47,48,Paul Zipser,,2016
48,49,Michael Gbinije,Syracuse,2016
49,50,Georges Niang,Iowa State,2016
50,51,Ben Bentil,Providence,2016
51,52,Joel Bolomboy,Weber State,2016
52,53,Petr Cornelie,,2016
53,54,Kay Felder,Oakland,2016
54,55,Marcus Paige,UNC,2016
55,56,Daniel Hamilton,UConn,2016
56,57,Wang Zhelin,,2016
57,58,Abdel Nader,Iowa State,2016
58,59,Isaiah Cousins,Oklahoma,2016
59,60,Tyrone Wallace,California,2016
0,1,Markelle Fultz,Washington,2017
1,2,Lonzo Ball,UCLA,2017
2,3,Jayson Tatum,Duke,2017
3,4,Josh Jackson,Kansas,2017
4,5,De'Aaron Fox,Kentucky,2017
5,6,Jonathan Isaac,Florida State,2017
6,7,Lauri Markkanen,Arizona,2017
7,8,Frank Ntilikina,,2017
8,9,Dennis Smith,NC State,2017
9,10,Zach Collins,Gonzaga,2017
10,11,Malik Monk,Kentucky,2017
11,12,Luke Kennard,Duke,2017
12,13,Donovan Mitchell,Louisville,2017
13,14,Bam Adebayo,Kentucky,2017
14,15,Justin Jackson,UNC,2017
15,16,Justin Patton,Creighton,2017
16,17,D.J. Wilson,Michigan,2017
17,18,T.J. Leaf,UCLA,2017
18,19,John Collins,Wake Forest,2017
19,20,Harry Giles,Duke,2017
20,21,Terrance Ferguson,,2017
21,22,Jarrett Allen,Texas,2017
22,23,OG Anunoby,Indiana,2017
23,24,Tyler Lydon,Syracuse,2017
24,25,Anžejs Pasečņiks,,2017
25,26,Caleb Swanigan,Purdue,2017
26,27,Kyle Kuzma,Utah,2017
27,28,Tony Bradley,UNC,2017
28,29,Derrick White,Colorado,2017
29,30,Josh Hart,Villanova,2017
30,31,Frank Jackson,Duke,2017
31,32,Davon Reed,Miami (FL),2017
32,33,Wesley Iwundu,Kansas State,2017
33,34,Frank Mason,Kansas,2017
34,35,Ivan Rabb,California,2017
35,36,Jonah Bolden,,2017
36,37,Semi Ojeleye,SMU,2017
37,38,Jordan Bell,Oregon,2017
38,39,Jawun Evans,Oklahoma State,2017
39,40,Dwayne Bacon,Florida State,2017
40,41,Tyler Dorsey,Oregon,2017
41,42,Thomas Bryant,Indiana,2017
42,43,Isaiah Hartenstein,,2017
43,44,Damyean Dotson,Oregon,2017
44,45,Dillon Brooks,Oregon,2017
45,46,Sterling Brown,SMU,2017
46,47,Ike Anigbogu,UCLA,2017
47,48,Sindarius Thornwell,South Carolina,2017
48,49,Vlatko Čančar,,2017
49,50,Mathias Lessort,,2017
50,51,Monte Morris,Iowa State,2017
51,52,Edmond Sumner,Xavier,2017
52,53,Kadeem Allen,Arizona,2017
53,54,Alec Peters,Valparaiso,2017
54,55,Nigel Williams-Goss,Gonzaga,2017
55,56,Jabari Bird,California,2017
56,57,Aleksandar Vezenkov,,2017
57,58,Ognjen Jaramaz,,2017
58,59,Jaron Blossomgame,Clemson,2017
59,60,Alpha Kaba,,2017
0,1,Deandre Ayton,Arizona,2018
1,2,Marvin Bagley,Duke,2018
2,3,Luka Dončić,,2018
3,4,Jaren Jackson,Michigan State,2018
4,5,Trae Young,Oklahoma,2018
5,6,Mohamed Bamba,Texas,2018
6,7,Wendell Carter,Duke,2018
7,8,Collin Sexton,Alabama,2018
8,9,Kevin Knox,Kentucky,2018
9,10,Mikal Bridges,Villanova,2018
10,11,Shai Gilgeous-Alexander,Kentucky,2018
11,12,Miles Bridges,Michigan State,2018
12,13,Jerome Robinson,Boston College,2018
13,14,Michael Porter,Missouri,2018
14,15,Troy Brown,Oregon,2018
15,16,Zhaire Smith,Texas Tech,2018
16,17,Donte DiVincenzo,Villanova,2018
17,18,Lonnie Walker,Miami (FL),2018
18,19,Kevin Huerter,Maryland,2018
19,20,Josh Okogie,Georgia Tech,2018
20,21,Grayson Allen,Duke,2018
21,22,Chandler Hutchison,Boise State,2018
22,23,Aaron Holiday,UCLA,2018
23,24,Anfernee Simons,,2018
24,25,Moritz Wagner,Michigan,2018
25,26,Landry Shamet,Wichita State,2018
26,27,Robert Williams,Texas A&M,2018
27,28,Jacob Evans,Cincinnati,2018
28,29,Džanan Musa,,2018
29,30,Omari Spellman,Villanova,2018
30,31,Élie Okobo,,2018
31,32,Jevon Carter,West Virginia,2018
32,33,Jalen Brunson,Villanova,2018
33,34,Devonte' Graham,Kansas,2018
34,35,Melvin Frazier,Tulane,2018
35,36,Mitchell Robinson,,2018
36,37,Gary Trent,Duke,2018
37,38,Khyri Thomas,Creighton,2018
38,39,Isaac Bonga,,2018
39,40,Rodions Kurucs,,2018
40,41,Jarred Vanderbilt,Kentucky,2018
41,42,Bruce Brown,Miami (FL),2018
42,43,Justin Jackson,Maryland,2018
43,44,Issuf Sanon,,2018
44,45,Hamidou Diallo,Kentucky,2018
45,46,De'Anthony Melton,USC,2018
46,47,Sviatoslav Mykhailiuk,Kansas,2018
47,48,Keita Bates-Diop,Ohio State,2018
48,49,Chimezie Metu,USC,2018
49,50,Alize Johnson,Missouri State,2018
50,51,Tony Carr,Penn State,2018
51,52,Vince Edwards,Purdue,2018
52,53,Devon Hall,Virginia,2018
53,54,Shake Milton,SMU,2018
54,55,Arnoldas Kulboka,,2018
55,56,Ray Spalding,Louisville,2018
56,57,Kevin Hervey,UT Arlington,2018
57,58,Thomas Welsh,UCLA,2018
58,59,George King,Colorado,2018
59,60,Kostas Antetokounmpo,Dayton,2018
0,1,Zion Williamson,Duke,2019
1,2,Ja Morant,Murray State,2019
2,3,RJ Barrett,Duke,2019
3,4,De'Andre Hunter,Virginia,2019
4,5,Darius Garland,Vanderbilt,2019
5,6,Jarrett Culver,Texas Tech,2019
6,7,Coby White,UNC,2019
7,8,Jaxson Hayes,Texas,2019
8,9,Rui Hachimura,Gonzaga,2019
9,10,Cam Reddish,Duke,2019
10,11,Cameron Johnson,UNC,2019
11,12,PJ Washington,Kentucky,2019
12,13,Tyler Herro,Kentucky,2019
13,14,Romeo Langford,Indiana,2019
14,15,Sekou Doumbouya,,2019
15,16,Chuma Okeke,Auburn,2019
16,17,Nickeil Alexander-Walker,Virginia Tech,2019
17,18,Goga Bitadze,,2019
18,19,Luka Šamanić,,2019
19,20,Matisse Thybulle,Washington,2019
20,21,Brandon Clarke,Gonzaga,2019
21,22,Grant Williams,Tennessee,2019
22,23,Darius Bazley,,2019
23,24,Ty Jerome,Virginia,2019
24,25,Nassir Little,UNC,2019
25,26,Dylan Windler,Belmont,2019
26,27,Mfiondu Kabengele,Florida State,2019
27,28,Jordan Poole,Michigan,2019
28,29,Keldon Johnson,Kentucky,2019
29,30,Kevin Porter,USC,2019
30,31,Nicolas Claxton,Georgia,2019
31,32,KZ Okpala,Stanford,2019
32,33,Carsen Edwards,Purdue,2019
33,34,Bruno Fernando,Maryland,2019
34,35,Marcos Louzada Silva,,2019
35,36,Cody Martin,Nevada,2019
36,37,Deividas Sirvydis,,2019
37,38,Daniel Gafford,Arkansas,2019
38,39,Alen Smailagić,,2019
39,40,Justin James,Wyoming,2019
40,41,Eric Paschall,Villanova,2019
41,42,Admiral Schofield,Tennessee,2019
42,43,Jaylen Nowell,Washington,2019
43,44,Bol Bol,Oregon,2019
44,45,Isaiah Roby,Nebraska,2019
45,46,Talen Horton-Tucker,Iowa State,2019
46,47,Ignas Brazdeikis,Michigan,2019
47,48,Terance Mann,Florida State,2019
48,49,Quinndary Weatherspoon,Mississippi State,2019
49,50,Jarrell Brantley,College of Charleston,2019
50,51,Tremont Waters,LSU,2019
51,52,Jalen McDaniels,San Diego State,2019
52,53,Justin Wright-Foreman,Hofstra,2019
53,54,Marial Shayok,Iowa State,2019
54,55,Kyle Guy,Virginia,2019
55,56,Jaylen Hands,UCLA,2019
56,57,Jordan Bone,Tennessee,2019
57,58,Miye Oni,Yale,2019
58,59,Dewan Hernandez,Miami (FL),2019
59,60,Vanja Marinković,,2019
